{
	"database": "backgroundColor",
	"port": 4001,


	"size" : 20,
	"countOfIterations": 50000,
	"L0": 1,
	"sigma0": 1,
	"parameters": [
		{
			"name": "первый",
			"min": 0,
			"max": 100
		},
		{
			"name": "хотеть",
			"min": 0,
			"max": 100
		},
		{
			"name": "надо",
			"min": 0,
			"max": 100
		},
		{
			"name": "должный",
			"min": 0,
			"max": 100
		},
		{
			"name": "сделать",
			"min": 0,
			"max": 100
		},
		{
			"name": "нужный",
			"min": 0,
			"max": 100
		},
		{
			"name": "понимать",
			"min": 0,
			"max": 100
		},
		{
			"name": "работа",
			"min": 0,
			"max": 100
		},
		{
			"name": "хорошо",
			"min": 0,
			"max": 100
		},
		{
			"name": "читать",
			"min": 0,
			"max": 100
		},
		{
			"name": "оставаться",
			"min": 0,
			"max": 100
		},
		{
			"name": "начальник",
			"min": 0,
			"max": 100
		},
		{
			"name": "следовать",
			"min": 0,
			"max": 100
		},
		{
			"name": "труд",
			"min": 0,
			"max": 100
		},
		{
			"name": "личный",
			"min": 0,
			"max": 100
		}
	]
}