[
	{	
		"Type": "12pt", 
		"первый": 3, 
		"хотеть": 2,
		"надо": 2, 
		"должный": 2,
		"сделать": 1,
		"нужный": 1,
		"понимать": 2,
		"работа": 1,
		"хорошо": 2,
		"читать": 1,
		"оставаться": 1,
		"начальник": 2,
		"следовать": 1,
		"труд": 2,
		"личный": 1,
		"r": 255,
		"g": 255,
		"b": 0
	},
	{	
		"Type": "14pt",
		"первый": 1, 
		"хотеть": 1,
		"надо": 1, 
		"должный": 2,
		"сделать": 2,
		"нужный": 1,
		"понимать": 2,
		"работа": 2,
		"хорошо": 1,
		"читать": 1,
		"оставаться": 1,
		"начальник": 1,
		"следовать": 2,
		"труд": 1,
		"личный": 1,
		"r": 0,
		"g": 255,
		"b": 0
	},
	{	
		"Type": "16pt",
		"первый": 1, 
		"хотеть": 2,
		"надо": 1, 
		"должный": 2,
		"сделать": 3,
		"нужный": 1,
		"понимать": 2,
		"работа": 2,
		"хорошо": 2,
		"читать": 1,
		"оставаться": 3,
		"начальник": 1,
		"следовать": 2,
		"труд": 2,
		"личный": 1,
		"r": 80,
		"g": 80,
		"b": 80
	},
	{	
		"Type": "18pt",
		"первый": 2, 
		"хотеть": 1,
		"надо": 2, 
		"должный": 1,
		"сделать": 2,
		"нужный": 2,
		"понимать": 3,
		"работа": 1,
		"хорошо": 1,
		"читать": 2,
		"оставаться": 1,
		"начальник": 2,
		"следовать": 1,
		"труд": 3,
		"личный": 1,
		"r": 255,
		"g": 0,
		"b": 0
	}
]